image_name,hex,r,g,b,chroma
942A08.png,942A08,148,42,8,0.4550535687340216
9DD8C2.png,9DD8C2,157,216,194,0.1785957046226835
B74262.png,B74262,183,66,98,0.37631676425082283
88E307.png,88E307,136,227,7,0.7198172668937493
71E80C.png,71E80C,113,232,12,0.7573013658251897
362BFF.png,362BFF,54,43,255,0.9064860883194124
D70ADC.png,D70ADC,215,10,220,0.7669474150923685
B71D69.png,B71D69,183,29,105,0.4714523579528935
12BC58.png,12BC58,18,188,88,0.5422879032454752
6EB9BC.png,6EB9BC,110,185,188,0.18049339233459324
90A02B.png,90A02B,144,160,43,0.4435889055314774
F25AF7.png,F25AF7,242,90,247,0.6857777591196469
E5535D.png,E5535D,229,83,93,0.4673828087821043
5BA564.png,5BA564,91,165,100,0.3421090656548074
3A2A32.png,3A2A32,58,42,50,0.06944047458146752
DA138D.png,DA138D,218,19,141,0.57868008443261
8FA937.png,8FA937,143,169,55,0.4420051614570112
BD939C.png,BD939C,189,147,156,0.12880911701701575
E86F84.png,E86F84,232,111,132,0.3738922437117436
4C363D.png,4C363D,76,54,61,0.08304234064946586
FC79A8.png,FC79A8,252,121,168,0.40844891890419743
4833C4.png,4833C4,72,51,196,0.6553879656838459
55E611.png,55E611,85,230,17,0.7757653495056952
1CD5C9.png,1CD5C9,28,213,201,0.33549702528260916
0B5373.png,0B5373,11,83,115,0.18996592140239343
06711D.png,06711D,6,113,29,0.4355129262776506
E32FB1.png,E32FB1,227,47,177,0.6105874532468467
08C1FB.png,08C1FB,8,193,251,0.3318227547756989
621226.png,621226,98,18,38,0.2803728872792081
87EE64.png,87EE64,135,238,100,0.5869038095787582
EB976E.png,EB976E,235,151,110,0.32954902476491
2E3456.png,2E3456,46,52,86,0.16988238389236324
7A8133.png,7A8133,122,129,51,0.3197118790958577
D75406.png,D75406,215,84,6,0.5855656474295287
E3AFD4.png,E3AFD4,227,175,212,0.20410981963249145
54D323.png,54D323,84,211,35,0.6970982279228313
7A97D9.png,7A97D9,122,151,217,0.2803578015566087
D1991A.png,D1991A,209,153,26,0.504837129516287
91370C.png,91370C,145,55,12,0.41725750838632647
47AADC.png,47AADC,71,170,220,0.2705061305073641
7F5428.png,7F5428,127,84,40,0.2615458314584978
AC3A78.png,AC3A78,172,58,120,0.39855219368187045
F1E68B.png,F1E68B,241,230,139,0.3467817020789143
02ADC1.png,02ADC1,2,173,193,0.26927889810778516
0C48CD.png,0C48CD,12,72,205,0.6063107005927538
680F58.png,680F58,104,15,88,0.36969023894578806
E6D829.png,E6D829,230,216,41,0.5962571712820736
D78DF5.png,D78DF5,215,141,245,0.4582231469873227
5A9887.png,5A9887,90,152,135,0.1818499676361239
2C731F.png,2C731F,44,115,31,0.40719459353763515
FEC109.png,FEC109,254,193,9,0.6193517976383347
E9D295.png,E9D295,233,210,149,0.24806342327209105
A3D0B2.png,A3D0B2,163,208,178,0.1722750742374201
9A8CAE.png,9A8CAE,154,140,174,0.14899291446334803
52C615.png,52C615,82,198,21,0.6757544841605662
D6F482.png,D6F482,214,244,130,0.43329593733039884
8E2DC4.png,8E2DC4,142,45,196,0.6520484279698552
6F874A.png,6F874A,111,135,74,0.2668477767132509
BD38EC.png,BD38EC,189,56,236,0.7465528672337367
3D8EE2.png,3D8EE2,61,142,226,0.3724095526629056
031284.png,031284,3,18,132,0.5575227342428954
387EF0.png,387EF0,56,126,240,0.4928751267954778
15D028.png,15D028,21,208,40,0.7224625653779789
8D66B9.png,8D66B9,141,102,185,0.3739254705792015
4B2E5C.png,4B2E5C,75,46,92,0.23939739104494395
CAB896.png,CAB896,202,184,150,0.14695699897053027
285614.png,285614,40,86,20,0.322625021034737
3D5D09.png,3D5D09,61,93,9,0.34932012751302005
454796.png,454796,69,71,150,0.368227286976587
F09718.png,F09718,240,151,24,0.5641161443036874
1634A7.png,1634A7,22,52,167,0.544617100711315
0F44B3.png,0F44B3,15,68,179,0.5166390701512614
2F516D.png,2F516D,47,81,109,0.1508155657278309
69DAA2.png,69DAA2,105,218,162,0.36251039464419904
71DFB9.png,71DFB9,113,223,185,0.31024565935821075
709FE9.png,709FE9,112,159,233,0.31675959118209707
42B6C2.png,42B6C2,66,182,194,0.24153906716259727
9E14FB.png,9E14FB,158,20,251,0.8804129099138852
CAB36B.png,CAB36B,202,179,107,0.2963483913763713
526BA1.png,526BA1,82,107,161,0.24389429861200498
D0D81D.png,D0D81D,208,216,29,0.6141547540224128
14A1DA.png,14A1DA,20,161,218,0.3057165746115213
F152D4.png,F152D4,241,82,212,0.6130607878402802
BB7DA1.png,BB7DA1,187,125,161,0.23120308744887186
1197E4.png,1197E4,17,151,228,0.3598653034274562
58CCBC.png,58CCBC,88,204,188,0.273641370831228
FF08DA.png,FF08DA,255,8,218,0.7650533868139469
5DE161.png,5DE161,93,225,97,0.5957454649967292
DC20E9.png,DC20E9,220,32,233,0.7812626301604407
01C8C3.png,01C8C3,1,200,195,0.31785809326277964
821D11.png,821D11,130,29,17,0.40120306815723156
D7C7B3.png,D7C7B3,215,199,179,0.09163728354057332
8B5649.png,8B5649,139,86,73,0.19757492619972428
20ED3E.png,20ED3E,32,237,62,0.7675098898043905
22D8F2.png,22D8F2,34,216,242,0.3099738246578594
4A9E3C.png,4A9E3C,74,158,60,0.46166127532335804
096A65.png,096A65,9,106,101,0.1987625495866407
B19F89.png,B19F89,177,159,137,0.10626696406552785
91DCFC.png,91DCFC,145,220,252,0.2050440678199844
97AD0B.png,97AD0B,151,173,11,0.5375979653342325
704E20.png,704E20,112,78,32,0.24968283529175753
47399E.png,47399E,71,57,158,0.47302620244174615
803828.png,803828,128,56,40,0.2905450811207337
2911F4.png,2911F4,41,17,244,0.9362703843737135
12878B.png,12878B,18,135,139,0.22199718298384258
D70365.png,D70365,215,3,101,0.5529308225166357
24435A.png,24435A,36,67,90,0.1314937426787457
6FFA1F.png,6FFA1F,111,250,31,0.7983902135928299
488500.png,488500,72,133,0,0.4940226734752129
C517D7.png,C517D7,197,23,215,0.7439200230189114
170947.png,170947,23,9,71,0.33212816827096925
4A07B5.png,4A07B5,74,7,181,0.7241183735713485
D404FE.png,D404FE,212,4,254,0.8711577642012196
29E9A6.png,29E9A6,41,233,166,0.4751231922308921
921155.png,921155,146,17,85,0.4082694030711978
6A9D3A.png,6A9D3A,106,157,58,0.42226758293501204
495047.png,495047,73,80,71,0.04831638775704272
38DB64.png,38DB64,56,219,100,0.6001317378792456
576920.png,576920,87,105,32,0.31049038904179876
883241.png,883241,136,50,65,0.2942761513038611
3ADCB7.png,3ADCB7,58,220,183,0.3733332914182057
2069C1.png,2069C1,32,105,193,0.3982991583659836
AB327E.png,AB327E,171,50,126,0.43426218228950914
4BBDD9.png,4BBDD9,75,189,217,0.24840664417931485
EB6F51.png,EB6F51,235,111,81,0.45090711445605136
7EAB13.png,7EAB13,126,171,19,0.5408866822047012
31424E.png,31424E,49,66,78,0.07469957535241846
23BE10.png,23BE10,35,190,16,0.6941385235257
12E41B.png,12E41B,18,228,27,0.8001771586590765
5387B2.png,5387B2,83,135,178,0.21199105605174326
69EDAC.png,69EDAC,105,237,172,0.41189184695324943
992FDB.png,992FDB,153,47,219,0.723111636661037
F535CE.png,F535CE,245,53,206,0.677214999712837
C1C008.png,C1C008,193,192,8,0.5788496454836826
59220C.png,59220C,89,34,12,0.2646262749645986
12A84B.png,12A84B,18,168,75,0.5061677154581592
36ABC8.png,36ABC8,54,171,200,0.2468025875076654
49D198.png,49D198,73,209,152,0.39628914406729415
418CCD.png,418CCD,65,140,205,0.3017552350988739
5B89CE.png,5B89CE,91,137,206,0.30355752013521525
AD4E05.png,AD4E05,173,78,5,0.47826552709764525
AC9929.png,AC9929,172,153,41,0.4308798635554674
F8F5B3.png,F8F5B3,248,245,179,0.25010286257384756
1BD328.png,1BD328,27,211,40,0.7295855403135809
8C5A3B.png,8C5A3B,140,90,59,0.23429263560251382
0974BA.png,0974BA,9,116,186,0.3304591192980395
D97D2F.png,D97D2F,217,125,47,0.4696016465872648
858366.png,858366,133,131,102,0.12388371789220749
6D584B.png,6D584B,109,88,75,0.09414109471764709
FBA4D1.png,FBA4D1,251,164,209,0.2951246546381512
ADBD71.png,ADBD71,173,189,113,0.3033136804942068
DA1AC0.png,DA1AC0,218,26,192,0.6764371592631917
A13B21.png,A13B21,161,59,33,0.41368188314302956
1F413B.png,1F413B,31,65,59,0.10579298053885237
5E3BDE.png,5E3BDE,94,59,222,0.7158824204708439
9140B5.png,9140B5,145,64,181,0.531930937720232
5633BA.png,5633BA,86,51,186,0.6113998814996248
AA96E9.png,AA96E9,170,150,233,0.347487769290943
69CB90.png,69CB90,105,203,144,0.35103214147760714
125313.png,125313,18,83,19,0.33942005725847274
EACA16.png,EACA16,234,202,22,0.5995814413257509
40F406.png,40F406,64,244,6,0.8397753742640998
B9E075.png,B9E075,185,224,117,0.4212231934761139
486213.png,486213,72,98,19,0.33429337835469736
8F6338.png,8F6338,143,99,56,0.252817095282986
9DF801.png,9DF801,157,248,1,0.7651381915285859
8983F8.png,8983F8,137,131,248,0.4923939779898819
F658DE.png,F658DE,246,88,222,0.6240800721054769
D7663B.png,D7663B,215,102,59,0.4545960557476423
69C600.png,69C600,105,198,0,0.66773887811216
D03D8A.png,D03D8A,208,61,138,0.4799972756090057
5C8873.png,5C8873,92,136,115,0.156530526080189
6F7A03.png,6F7A03,111,122,3,0.41749015346170265
9667D4.png,9667D4,150,103,212,0.4795084873348476
2B5AD2.png,2B5AD2,43,90,210,0.5372692282965225
626515.png,626515,98,101,21,0.32355486523316257
6C240A.png,6C240A,108,36,10,0.33262326543331655
015CBE.png,015CBE,1,92,190,0.4471863894036566
130DD2.png,130DD2,19,13,210,0.8405107289120753
A6F728.png,A6F728,166,247,40,0.7188683868851764
728A1F.png,728A1F,114,138,31,0.4165073188485459
440230.png,440230,68,2,48,0.26657446298146226
1E6337.png,1E6337,30,99,55,0.2802054727302216
2A7E47.png,2A7E47,42,126,71,0.33241216828761383
2CE188.png,2CE188,44,225,136,0.5277835572282458
FEF917.png,FEF917,254,249,23,0.6968204807525673
175703.png,175703,23,87,3,0.385570486273185
A4F300.png,A4F300,164,243,0,0.7435500556603521
CD7BA0.png,CD7BA0,205,123,160,0.27834435565442733
10A95B.png,10A95B,16,169,91,0.4632708510171375
F9BB2C.png,F9BB2C,249,187,44,0.5589784203138475
6892A1.png,6892A1,104,146,161,0.12195840799012037
9F9672.png,9F9672,159,150,114,0.15240276846734002
D77B11.png,D77B11,215,123,17,0.5281940271723928
1C26A7.png,1C26A7,28,38,167,0.6088658919748213
CBC0D0.png,CBC0D0,203,192,208,0.07071758463776712
702F51.png,702F51,112,47,81,0.2510949785018218
7267D9.png,7267D9,114,103,217,0.4965613674163179
382EE5.png,382EE5,56,46,229,0.8044079292612633
1AF588.png,1AF588,26,245,136,0.6085806110503923
26C630.png,26C630,38,198,48,0.6687988268161099
7310AE.png,7310AE,115,16,174,0.6556632235226971
5AC41F.png,5AC41F,90,196,31,0.6475148900816091
845468.png,845468,132,84,104,0.1735843736469777
AE4F47.png,AE4F47,174,79,71,0.3352434972682215
50BEF5.png,50BEF5,80,190,245,0.29289704068770295
51C80C.png,51C80C,81,200,12,0.6914261306335756
1762DB.png,1762DB,23,98,219,0.5383636316459544
776FB7.png,776FB7,119,111,183,0.3154564545091279
4BEB0F.png,4BEB0F,75,235,15,0.8007142587835998
F66073.png,F66073,246,96,115,0.46423389352640165
E6E626.png,E6E626,230,230,38,0.6338089918681968
33EAB2.png,33EAB2,51,234,178,0.4408142418336581
D6AD2B.png,D6AD2B,214,173,43,0.49968813214722524
75A352.png,75A352,117,163,82,0.3562020856547677
98A863.png,98A863,152,168,99,0.28215927394873574
08B5EA.png,08B5EA,8,181,234,0.31291802504185773
957C66.png,957C66,149,124,102,0.12577732193097904
2E5412.png,2E5412,46,84,18,0.31128161021912876
19BF28.png,19BF28,25,191,40,0.6681277504985788
72242F.png,72242F,114,36,47,0.2773124380425599
64C338.png,64C338,100,195,56,0.5830435948951189
AF76A3.png,AF76A3,175,118,163,0.24764548345900936
3B7FBB.png,3B7FBB,59,127,187,0.2826093886375829
A9417E.png,A9417E,169,65,126,0.3797597538336615
EC4C9C.png,EC4C9C,236,76,156,0.51044996741157
8B36A1.png,8B36A1,139,54,161,0.4977473500534156
F9795C.png,F9795C,249,121,92,0.45388669027115564
DD8963.png,DD8963,221,137,99,0.3292506191096257
5BCDC9.png,5BCDC9,91,205,201,0.25398008336110417
D09D5B.png,D09D5B,208,157,91,0.3219999693786603
C807F2.png,C807F2,200,7,242,0.8384972456745821
3F2F2D.png,3F2F2D,63,47,45,0.06019785257664499
01985E.png,01985E,1,152,94,0.3935615164940482
0ADD41.png,0ADD41,10,221,65,0.7165898405670235
F7AFC7.png,F7AFC7,247,175,199,0.22206327473662332
9FB0C3.png,9FB0C3,159,176,195,0.08810058122108981
83B36B.png,83B36B,131,179,107,0.3230722911016441
C94CD7.png,C94CD7,201,76,215,0.6179870708937915
A2C576.png,A2C576,162,197,118,0.32736646995439456
433BD1.png,433BD1,67,59,209,0.6741209694317515
48B509.png,48B509,72,181,9,0.6429817928861824
C4D227.png,C4D227,196,210,39,0.5849141460470723
520BE9.png,520BE9,82,11,233,0.8873264881693568
8B2979.png,8B2979,139,41,121,0.41454656879894924
0B4C9A.png,0B4C9A,11,76,154,0.3690644546628594
B93A77.png,B93A77,185,58,119,0.4210277375062116
F38F3A.png,F38F3A,243,143,58,0.4996873668593431
FE78D4.png,FE78D4,254,120,212,0.49208853408746367
FAEF02.png,FAEF02,250,239,2,0.6892872909921878
61EDB8.png,61EDB8,97,237,184,0.3904591805594265
FF2729.png,FF2729,255,39,41,0.6990259659178889
74D349.png,74D349,116,211,73,0.5807151692909829
25B516.png,25B516,37,181,22,0.65902950207266
3A8808.png,3A8808,58,136,8,0.5110168439608267
3B6BB4.png,3B6BB4,59,107,180,0.3307792277206324
64F0A6.png,64F0A6,100,240,166,0.4470756274649204
AF4071.png,AF4071,175,64,113,0.3735281534356937
BF0577.png,BF0577,191,5,119,0.5269784252424434
9EC004.png,9EC004,158,192,4,0.5942373899388566
E07252.png,E07252,224,114,82,0.4093559949198932
083DE4.png,083DE4,8,61,228,0.7493877633449672
42CDDA.png,42CDDA,66,205,218,0.2739153980745254
97E023.png,97E023,151,224,35,0.6672000340293706
AD711B.png,AD711B,173,113,27,0.4158524830972
19B73E.png,19B73E,25,183,62,0.5927528517649696
C1E96A.png,C1E96A,193,233,106,0.48550105776335123
664877.png,664877,102,72,119,0.23369179051421285
5CE434.png,5CE434,92,228,52,0.7157196987330213
948587.png,948587,148,133,135,0.04557809210066879
FB1F33.png,FB1F33,251,31,51,0.6760106372729411
06E586.png,06E586,6,229,134,0.5617823743608036
FABABF.png,FABABF,250,186,191,0.18434248045744273
71B313.png,71B313,113,179,19,0.5809622039972915
63C8E5.png,63C8E5,99,200,229,0.23620425571357107
2404DE.png,2404DE,36,4,222,0.8863912553427866
D2172A.png,D2172A,210,23,42,0.5897274914596662
EBA05E.png,EBA05E,235,160,94,0.3735000778249872
4A99F0.png,4A99F0,74,153,240,0.38005512477460446
2D0308.png,2D0308,45,3,8,0.16399082705487783
A29816.png,A29816,162,152,22,0.46609227753500704
FCF0B6.png,FCF0B6,252,240,182,0.22361586737524908
B109ED.png,B109ED,177,9,237,0.8336199687640626
019276.png,019276,1,146,118,0.3017799590003723
AA241B.png,AA241B,170,36,27,0.49222460620457736
207679.png,207679,32,118,121,0.18756360067165945
7F87CC.png,7F87CC,127,135,204,0.29288257662030415
8CE8EB.png,8CE8EB,140,232,235,0.21280937997161015
171C75.png,171C75,23,28,117,0.4477198558554889
354CA9.png,354CA9,53,76,169,0.42920553650389404
9CA87A.png,9CA87A,156,168,122,0.19095918132534107
27A5A2.png,27A5A2,39,165,162,0.2550646091915437
E70F46.png,E70F46,231,15,70,0.6031075846253029
C9B07E.png,C9B07E,201,176,126,0.21681276519761422
45D182.png,45D182,69,209,130,0.4636352009821195
582142.png,582142,88,33,66,0.22971850315453612
D0259A.png,D0259A,208,37,154,0.5653402173242877
7BDC8E.png,7BDC8E,123,220,142,0.4028333971139782
14A9A4.png,14A9A4,20,169,164,0.27519390810138744
D2AE77.png,D2AE77,210,174,119,0.25114653484656274
910A6F.png,910A6F,145,10,111,0.46316559939650126
8D1A76.png,8D1A76,141,26,118,0.45024242530255126
FC5613.png,FC5613,252,86,19,0.6689179595346341
EC3C49.png,EC3C49,236,60,73,0.5608709901417013
550961.png,550961,85,9,97,0.4089337873654738
93D3E2.png,93D3E2,147,211,226,0.16158783601243157
BDF0D3.png,BDF0D3,189,240,211,0.17634779745788434
C2F9A6.png,C2F9A6,194,249,166,0.35083485935799424
9DB2CB.png,9DB2CB,157,178,203,0.11337821630214757
221E85.png,221E85,34,30,133,0.5035970772477183
39B68F.png,39B68F,57,182,143,0.33332792667715166
BF07A1.png,BF07A1,191,7,161,0.608903007726148
4FF7E7.png,4FF7E7,79,247,231,0.34648755503620127
8BA38D.png,8BA38D,139,163,141,0.11525015558728013
98532F.png,98532F,152,83,47,0.31276998287253766
DB5B56.png,DB5B56,219,91,86,0.42898767166636803
91F74D.png,91F74D,145,247,77,0.6689438813669359
55A2B2.png,55A2B2,85,162,178,0.18522540361361153
DACA6E.png,DACA6E,218,202,110,0.35886115868263013
B75C14.png,B75C14,183,92,20,0.4652898230217748
433117.png,433117,67,49,23,0.1500595400004453
8FE76C.png,8FE76C,143,231,108,0.5258901854787474
51E6EC.png,51E6EC,81,230,236,0.29615221418621773
E100CC.png,E100CC,225,0,204,0.7294016884163781
5B1954.png,5B1954,91,25,84,0.3191187408974121
793BAA.png,793BAA,121,59,170,0.5088148635593731
37E908.png,37E908,55,233,8,0.813295665905612
074F88.png,074F88,7,79,136,0.27986662730529266
881C93.png,881C93,136,28,147,0.5312884700860795
FBDF2A.png,FBDF2A,251,223,42,0.6175365125825836
20413A.png,20413A,32,65,58,0.1057955720116943
8F6A53.png,8F6A53,143,106,83,0.16437327157807952
A3B296.png,A3B296,163,178,150,0.12201628507809294
29B804.png,29B804,41,184,4,0.6821780801707336
529444.png,529444,82,148,68,0.3843272688257547
87F30A.png,87F30A,135,243,10,0.7685882726362447
F47C38.png,F47C38,244,124,56,0.521725846566315
AC3BAD.png,AC3BAD,172,59,173,0.5316674844928477
F0C2BF.png,F0C2BF,240,194,191,0.13231251477375777
92A3A9.png,92A3A9,146,163,169,0.05198592191633975
BA8376.png,BA8376,186,131,118,0.186047032251755
456C61.png,456C61,69,108,97,0.12401213155720278
B02BDF.png,B02BDF,176,43,223,0.7393672814097657
0C686D.png,0C686D,12,104,109,0.18244348028242674
324FE5.png,324FE5,50,79,229,0.6668326374657705
76D7B6.png,76D7B6,118,215,182,0.27732607904367307
26384B.png,26384B,38,56,75,0.10448205837855329
A09E2C.png,A09E2C,160,158,44,0.43159527759142274
A35300.png,A35300,163,83,0,0.45327115092040104
C6B8C5.png,C6B8C5,198,184,197,0.06509263578659427
064AC0.png,064AC0,6,74,192,0.5425325321008718
055A5A.png,055A5A,5,90,90,0.171761872768784
DB57F3.png,DB57F3,219,87,243,0.6750856590021705
7CEA1F.png,7CEA1F,124,234,31,0.7342587132141866
27DE87.png,27DE87,39,222,135,0.5224240158473279
50E1DE.png,50E1DE,80,225,222,0.2977137409847378
FD7ECA.png,FD7ECA,253,126,202,0.444500210983975
B49B91.png,B49B91,180,155,145,0.08605623871871856
2C3B33.png,2C3B33,44,59,51,0.06476985954468283
02CA54.png,02CA54,2,202,84,0.6073177844243555
52F2A3.png,52F2A3,82,242,163,0.4839615528674443
86ACA6.png,86ACA6,134,172,166,0.10585348695148106
7B107B.png,7B107B,123,16,123,0.4795085021197356
2B240D.png,2B240D,43,36,13,0.11756765952717046
4097E9.png,4097E9,64,151,233,0.3650875850816127
4B4D5B.png,4B4D5B,75,77,91,0.06606547601237817
703BEE.png,703BEE,112,59,238,0.7689807736524954
223706.png,223706,34,55,6,0.23223236913647047
116466.png,116466,17,100,102,0.1756563441783269
101546.png,101546,16,21,70,0.2670571335235871
09A94D.png,09A94D,9,169,77,0.5070014785661924
C4599A.png,C4599A,196,89,154,0.39186596549428765
826D10.png,826D10,130,109,16,0.3684328135635287
4C57A9.png,4C57A9,76,87,169,0.37197258506144915
8CFCF2.png,8CFCF2,140,252,242,0.2602701162359614
DA0CAF.png,DA0CAF,218,12,175,0.6493087327721258
6DFDF1.png,6DFDF1,109,253,241,0.3131482420410872
FB934B.png,FB934B,251,147,75,0.4728417825246774
F7C5AA.png,F7C5AA,247,197,170,0.184764277663383
4CA796.png,4CA796,76,167,150,0.23440604649542948
00C895.png,00C895,0,200,149,0.41597955381434426
CFDDD7.png,CFDDD7,207,221,215,0.044482728036275065
7B830D.png,7B830D,123,131,13,0.42545020341220086
EF0132.png,EF0132,239,1,50,0.6623905837255404
1D0D07.png,1D0D07,29,13,7,0.059232722468928745
2CF0BC.png,2CF0BC,44,240,188,0.44127815456336056
56EDB1.png,56EDB1,86,237,177,0.42216161986916007
3D85FE.png,3D85FE,61,133,254,0.517426683596525
090267.png,090267,9,2,103,0.5012901229351323
267C34.png,267C34,38,124,52,0.38933075569692477
0F7825.png,0F7825,15,120,37,0.43614278387341004
0D95E4.png,0D95E4,13,149,228,0.36643567235655705
08F3A2.png,08F3A2,8,243,162,0.5330776233000103
1E8856.png,1E8856,30,136,86,0.3394598108915997
CC8024.png,CC8024,204,128,36,0.4644503505444429
233814.png,233814,35,56,20,0.18976638594612785
3551CC.png,3551CC,53,81,204,0.5543400659640872
B88BF5.png,B88BF5,184,139,245,0.45083549502417747
DBF2B4.png,DBF2B4,219,242,180,0.2452917669779178
328B55.png,328B55,50,139,85,0.3339647282735514
6FF9FC.png,6FF9FC,111,249,252,0.2889227827451465
015940.png,015940,1,89,64,0.23243391276899542
642B6F.png,642B6F,100,43,111,0.34615620122495666
42CD4A.png,42CD4A,66,205,74,0.6112969155443115
A4FB98.png,A4FB98,164,251,152,0.4449200735063717
EDDE77.png,EDDE77,237,222,119,0.3927790308833753
9AFE1C.png,9AFE1C,154,254,28,0.7683759309134074
B196C5.png,B196C5,177,150,197,0.20835299386188375
627F41.png,627F41,98,127,65,0.2782554573503673
A8ADD7.png,A8ADD7,168,173,215,0.17128630625196212
08ECE6.png,08ECE6,8,236,230,0.3590422329255475
AAD4D3.png,AAD4D3,170,212,211,0.10810403781384666
01FAB2.png,01FAB2,1,250,178,0.5156377054350036
C7DBE4.png,C7DBE4,199,219,228,0.061753270495111943
D4E6B8.png,D4E6B8,212,230,184,0.18482724158702668
FAECE5.png,FAECE5,250,236,229,0.046356571618135355
C3EBA4.png,C3EBA4,195,235,164,0.2953058595463686
9421F4.png,9421F4,148,33,244,0.843529934225411
22E14F.png,22E14F,34,225,79,0.6896050746451999
2C4BBE.png,2C4BBE,44,75,190,0.5258179549222999
4CCD26.png,4CCD26,76,205,38,0.6806038608705275
F64628.png,F64628,246,70,40,0.6386675559665967
01AE80.png,01AE80,1,174,128,0.3780512195771852
454EA8.png,454EA8,69,78,168,0.4127253805446578
FC0E2F.png,FC0E2F,252,14,47,0.6965788697250839
DB3001.png,DB3001,219,48,1,0.6566763562101087
09C671.png,09C671,9,198,113,0.5088259555707473
988AE8.png,988AE8,152,138,232,0.39573623054566615
28D9F4.png,28D9F4,40,217,244,0.30867928950375406
656F63.png,656F63,101,111,99,0.061894624615414985
BEC6F5.png,BEC6F5,190,198,245,0.18732668879279454
094F36.png,094F36,9,79,54,0.21511049795849677
211D89.png,211D89,33,29,137,0.5249526693139327
1EA95E.png,1EA95E,30,169,94,0.4472596444654685
80EA82.png,80EA82,128,234,130,0.4913790509186817
723FDE.png,723FDE,114,63,222,0.6936810573442836
B09606.png,B09606,176,150,6,0.49024653808659807
F4CAD4.png,F4CAD4,244,202,212,0.12241009655362535
781B62.png,781B62,120,27,98,0.37808219600094883
A5A519.png,A5A519,165,165,25,0.4932386548797742
8108DC.png,8108DC,129,8,220,0.811882855510066
FF9F7E.png,FF9F7E,255,159,126,0.3411610164454118
990401.png,990401,153,4,1,0.5254758168870087
5DCF2B.png,5DCF2B,93,207,43,0.6609763341884942
30859F.png,30859F,48,133,159,0.20186896989346764
59100D.png,59100D,89,16,13,0.29356916470852484
9A7496.png,9A7496,154,116,150,0.18210068245501934
9D024C.png,9D024C,157,2,76,0.4381731072504351
AD5CBE.png,AD5CBE,173,92,190,0.4576236557970631
74FD88.png,74FD88,116,253,136,0.5654827087604202
CDA8A4.png,CDA8A4,205,168,164,0.11021339521331715
C503D1.png,C503D1,197,3,209,0.7434604347127559
486CB8.png,486CB8,72,108,184,0.3394440843099483
B0D99B.png,B0D99B,176,217,155,0.26926214531392784
EF7256.png,EF7256,239,114,86,0.44743595006141157
6FA930.png,6FA930,111,169,48,0.49187020218255556
48E088.png,48E088,72,224,136,0.5016877073135793
E99238.png,E99238,233,146,56,0.4796181822378187
0E7F9E.png,0E7F9E,14,127,158,0.22500456441712322
EBCC3B.png,EBCC3B,235,204,59,0.5342720720073731
7B5FB8.png,7B5FB8,123,95,184,0.39841148569141094
94B84C.png,94B84C,148,184,76,0.4303019945300682
FFD558.png,FFD558,255,213,88,0.48722505445952097
271C85.png,271C85,39,28,133,0.5106026025781293
4631CF.png,4631CF,70,49,207,0.7065439733934642
256506.png,256506,37,101,6,0.41500020774764657
D74113.png,D74113,215,65,19,0.5971372137777219
D5253B.png,D5253B,213,37,59,0.5526582485381997
FEB07A.png,FEB07A,254,176,122,0.33722594289299623
37ECD3.png,37ECD3,55,236,211,0.369487495593783
116A56.png,116A56,17,106,86,0.22685192184154
DEAD28.png,DEAD28,222,173,40,0.5158222402445517
80695A.png,80695A,128,105,90,0.10202649322639692
CE9475.png,CE9475,206,148,117,0.230591205463551
C7C1A0.png,C7C1A0,199,193,160,0.13247864477105284
AFAAFD.png,AFAAFD,175,170,253,0.33771259992472347
1AF1E8.png,1AF1E8,26,241,232,0.36439442313239584
6B82D5.png,6B82D5,107,130,213,0.3555618744636016
53BF28.png,53BF28,83,191,40,0.6227565152826858
972C1C.png,972C1C,151,44,28,0.41866701725902133
B0B2BB.png,B0B2BB,176,178,187,0.036801920110365476
38C1B8.png,38C1B8,56,193,184,0.28600037016354396
C73DEB.png,C73DEB,199,61,235,0.7285560005393786
E34320.png,E34320,227,67,32,0.6046220112368744
6F802F.png,6F802F,111,128,47,0.3347643455403123
55068A.png,55068A,85,6,138,0.5642699596999289
BC9D84.png,BC9D84,188,157,132,0.14207787593824459
AF1A46.png,AF1A46,175,26,70,0.45255102107909373
275E05.png,275E05,39,94,5,0.38884753107071945
E1BB26.png,E1BB26,225,187,38,0.5432048060413301
B31691.png,B31691,179,22,145,0.5487614456563809
5698E9.png,5698E9,86,152,233,0.3532783255656336
085A65.png,085A65,8,90,101,0.16399779865962674
4F1ABD.png,4F1ABD,79,26,189,0.7115256531357828
B53AB0.png,B53AB0,181,58,176,0.5485676554706607
40E680.png,40E680,64,230,128,0.5549474480319734
5E5148.png,5E5148,94,81,72,0.06119596407633371
4D9B2D.png,4D9B2D,77,155,45,0.48731774316400717
7500F6.png,7500F6,117,0,246,0.9139926082588051
AC9CD1.png,AC9CD1,172,156,209,0.22348740565957473
E6F5B3.png,E6F5B3,230,245,179,0.2540560784664971
08A39E.png,08A39E,8,163,158,0.27211092861419156
4C9BCE.png,4C9BCE,76,155,206,0.25758313300177677
92D98E.png,92D98E,146,217,142,0.35512023937441045
DDB246.png,DDB246,221,178,70,0.4418446376919536
0484E1.png,0484E1,4,132,225,0.41568071456586214
0570F3.png,0570F3,5,112,243,0.57193905024704
43DCC2.png,43DCC2,67,220,194,0.34103343775715833
52BD7D.png,52BD7D,82,189,125,0.38159427650107475
05E287.png,05E287,5,226,135,0.548335755908857
EC1D69.png,EC1D69,236,29,105,0.5750099272464553
D1BAB9.png,D1BAB9,209,186,185,0.0652707435633742
61AED8.png,61AED8,97,174,216,0.23079401496218677
5D5617.png,5D5617,93,86,23,0.2708614210143409
56E54F.png,56E54F,86,229,79,0.6653734355296798
CC8E7A.png,CC8E7A,204,142,122,0.2176478408473566
D2E3BC.png,D2E3BC,210,227,188,0.15864538723578955
1D337B.png,1D337B,29,51,123,0.35406427197121465
44D4D3.png,44D4D3,68,212,211,0.2903521150760812
4A5EE0.png,4A5EE0,74,94,224,0.5722717498162279
363BC2.png,363BC2,54,59,194,0.617462135185342
68D9F1.png,68D9F1,104,217,241,0.2491776276797938
5FBF5E.png,5FBF5E,95,191,94,0.4676627101773489
695603.png,695603,105,86,3,0.330157772680766
2978B6.png,2978B6,41,120,182,0.295326147508491
1D25E6.png,1D25E6,29,37,230,0.8459030291541296
24E5F6.png,24E5F6,36,229,246,0.32410493533931567
7B9879.png,7B9879,123,152,121,0.1566165043497009
0897D9.png,0897D9,8,151,217,0.326844872056443
E937F8.png,E937F8,233,55,248,0.7829430564664945
C6DD11.png,C6DD11,198,221,17,0.643641343346795
F509B4.png,F509B4,245,9,180,0.6775104436241768
F7D00D.png,F7D00D,247,208,13,0.6268278509713909
0400B4.png,0400B4,4,0,180,0.7690734777565431
D4E1BE.png,D4E1BE,212,225,190,0.14077141183529598
AF5FE7.png,AF5FE7,175,95,231,0.592658034721121
5B84A7.png,5B84A7,91,132,167,0.17521322757215888
A6F53B.png,A6F53B,166,245,59,0.6789125817150621
4F266C.png,4F266C,79,38,108,0.3499132435519213
9D6DE8.png,9D6DE8,157,109,232,0.5315800076209968
010E7C.png,010E7C,1,14,124,0.5414999892419083
2BEB74.png,2BEB74,43,235,116,0.6216639050920741
59B58E.png,59B58E,89,181,142,0.2881367033602139
D023D4.png,D023D4,208,35,212,0.7163595772354783
00EEAA.png,00EEAA,0,238,170,0.4950102202933348
CA5D72.png,CA5D72,202,93,114,0.3457279130775556
3AF528.png,3AF528,58,245,40,0.81652171098806
90895B.png,90895B,144,137,91,0.19475322171857457
B128DA.png,B128DA,177,40,218,0.7295118692616035
561DD7.png,561DD7,86,29,215,0.7918378722886139
DB2112.png,DB2112,219,33,18,0.6508963206869337
DE648E.png,DE648E,222,100,142,0.386910489637532
8B22A8.png,8B22A8,139,34,168,0.5862715322660025
401756.png,401756,64,23,86,0.32470474133171107
C6A63E.png,C6A63E,198,166,62,0.41874239067596886
E201FD.png,E201FD,226,1,253,0.864319344376845
1FD28A.png,1FD28A,31,210,138,0.4734602834331317
A43FFB.png,A43FFB,164,63,251,0.783249219275219
A4A453.png,A4A453,164,164,83,0.32313801710254364
DB2273.png,DB2273,219,34,115,0.5355141742898483
AB4B7E.png,AB4B7E,171,75,126,0.34463540721649205
885FB2.png,885FB2,136,95,178,0.3778729058159
B3DCBF.png,B3DCBF,179,220,191,0.16013858789050925
D191BE.png,D191BE,209,145,190,0.25368071826365707
00C859.png,00C859,0,200,89,0.5869568209808111
67A7DE.png,67A7DE,103,167,222,0.25732255422294414
83B8A4.png,83B8A4,131,184,164,0.16561735740167183
9782CA.png,9782CA,151,130,202,0.3106083625702051
E9E1E1.png,E9E1E1,233,225,225,0.021501173467038035
694439.png,694439,105,68,57,0.14659003749412086
D21E0B.png,D21E0B,210,30,11,0.6404608559078553
135249.png,135249,19,82,73,0.16361643664431055
427F9B.png,427F9B,66,127,155,0.1783759743398396
A0B7AA.png,A0B7AA,160,183,170,0.0835098202252895
A2A6A9.png,A2A6A9,162,166,169,0.016477461096555554
8A82C3.png,8A82C3,138,130,195,0.27825768388576383
2812B4.png,2812B4,40,18,180,0.721853541742919
57A9CB.png,57A9CB,87,169,203,0.21809478733443044
515E26.png,515E26,81,94,38,0.24849341400306402
188A3B.png,188A3B,24,138,59,0.43621620287655477
84AF0C.png,84AF0C,132,175,12,0.5562957210448706
7742B5.png,7742B5,119,66,181,0.5216771823730239
6F4987.png,6F4987,111,73,135,0.30074415943289434
D705E7.png,D705E7,215,5,231,0.8015374539425624
A01A53.png,A01A53,160,26,83,0.4172436706318994
F20CB2.png,F20CB2,242,12,178,0.6698345402163165
50FE84.png,50FE84,80,254,132,0.6191305517324184
0C48CA.png,0C48CA,12,72,202,0.593902364751842
3590BE.png,3590BE,53,144,190,0.25174289085111207
4C0894.png,4C0894,76,8,148,0.6040353469995271
909D60.png,909D60,144,157,96,0.25252652135708575
4F5365.png,4F5365,79,83,101,0.08420454500296218
92AC20.png,92AC20,146,172,32,0.5068824921642587
37544C.png,37544C,55,84,76,0.09643012074434812
87C546.png,87C546,135,197,70,0.5124029864806816
E3BEFF.png,E3BEFF,227,190,255,0.27481602068409106
72A0A1.png,72A0A1,114,160,161,0.12026272851664473
E2AB3D.png,E2AB3D,226,171,61,0.4655548899645188
6A162B.png,6A162B,106,22,43,0.291606551774372
E485BA.png,E485BA,228,133,186,0.33512838034167375
703A23.png,703A23,112,58,35,0.24468262543410213
DDC9EA.png,DDC9EA,221,201,234,0.14099034233125315
14C3A7.png,14C3A7,20,195,167,0.34867893840815095
DA2CA1.png,DA2CA1,218,44,161,0.5752780075799953
087CA4.png,087CA4,8,124,164,0.241735324362997
19FEAA.png,19FEAA,25,254,170,0.5463763335413447
00F4D0.png,00F4D0,0,244,208,0.42218486075803985
AE9356.png,AE9356,174,147,86,0.26840554093229124
4AC915.png,4AC915,74,201,21,0.6931959451376823
DA0A69.png,DA0A69,218,10,105,0.5550079953718313
57A19A.png,57A19A,87,161,154,0.1873531718286824
AD4ADA.png,AD4ADA,173,74,218,0.6290073270340295
2AFE0D.png,2AFE0D,42,254,13,0.8762445954955081
20D811.png,20D811,32,216,17,0.7708413260807547
01CEE6.png,01CEE6,1,206,230,0.3070780386819203
2F2456.png,2F2456,47,36,86,0.2577424979293003
70A8D1.png,70A8D1,112,168,209,0.20584804526626355
9DEAA0.png,9DEAA0,157,234,160,0.35637066987177457
5DD2E8.png,5DD2E8,93,210,232,0.25190632087393194
270E1E.png,270E1E,39,14,30,0.1238619030460581
145CF6.png,145CF6,20,92,246,0.6770549688068512
4B59A6.png,4B59A6,75,89,166,0.3492484742530347
3D3AA5.png,3D3AA5,61,58,165,0.4999202166567366
3B9C8C.png,3B9C8C,59,156,140,0.240573148073551
A8FDF0.png,A8FDF0,168,253,240,0.21275089267598835
BEA529.png,BEA529,190,165,41,0.46848922882105687
E28FAD.png,E28FAD,226,143,173,0.265140238410774
2FE9ED.png,2FE9ED,47,233,237,0.3303129920323532
D0644B.png,D0644B,208,100,75,0.3973096577593586
CEF7CE.png,CEF7CE,206,247,206,0.19309086980274695
1BC4ED.png,1BC4ED,27,196,237,0.3025703601334632
97E1EF.png,97E1EF,151,225,239,0.17953258621957835
E05C6A.png,E05C6A,224,92,106,0.41730816182638875
85E004.png,85E004,133,224,4,0.7155210343433016
372CB2.png,372CB2,55,44,178,0.6193017624831922
02BCC0.png,02BCC0,2,188,192,0.29338148953145554
4735E7.png,4735E7,71,53,231,0.7809394159628887
54693D.png,54693D,84,105,61,0.20630112868155598
6EF5B5.png,6EF5B5,110,245,181,0.41235766861940615
729F3B.png,729F3B,114,159,59,0.418021917404856
69E8BF.png,69E8BF,105,232,191,0.3429318298932966
7C5403.png,7C5403,124,84,3,0.3558387773061868
AB17EC.png,AB17EC,171,23,236,0.8199769218559517
1132CB.png,1132CB,17,50,203,0.7001411932197553
90DFA3.png,90DFA3,144,223,163,0.31889602865839706
3C539B.png,3C539B,60,83,155,0.3322416168938206
44C43E.png,44C43E,68,196,62,0.6074086033477124
25FE32.png,25FE32,37,254,50,0.8388449127163699
47DA49.png,47DA49,71,218,73,0.6555740019287759
A16831.png,A16831,161,104,49,0.32315218894125697
17B935.png,17B935,23,185,53,0.6222998912707007
D0307A.png,D0307A,208,48,122,0.49390313420257914
B9803D.png,B9803D,185,128,61,0.35007985187366075
0F0E2D.png,0F0E2D,15,14,45,0.1699341797383043
1CE124.png,1CE124,28,225,36,0.7773717716348529
1AA63F.png,1AA63F,26,166,63,0.5290844235711738
0FD546.png,0FD546,15,213,70,0.6779651604304124
C54EFF.png,C54EFF,197,78,255,0.7425668640069213
DD65A2.png,DD65A2,221,101,162,0.4066624037941325
4B5F74.png,4B5F74,75,95,116,0.10790074742779239
19026C.png,19026C,25,2,108,0.5110208767454592
52669B.png,52669B,82,102,155,0.23965553325542993
1BD4E4.png,1BD4E4,27,212,228,0.3080682508733744
F63260.png,F63260,246,50,96,0.5751126085882463
D48848.png,D48848,212,136,72,0.38239377413558334
95803F.png,95803F,149,128,63,0.2820872551152376
4FD439.png,4FD439,79,212,57,0.664394339317286
295B5C.png,295B5C,41,91,92,0.12980005521435706
E7140A.png,E7140A,231,20,10,0.7032863646624128
9D4BFF.png,9D4BFF,157,75,255,0.7589043092007602
F8DE1E.png,F8DE1E,248,222,30,0.6326838314323645
1E9FAE.png,1E9FAE,30,159,174,0.24198672881363514
CD781F.png,CD781F,205,120,31,0.48008993748168954
06E47A.png,06E47A,6,228,122,0.5922474705940892
4C3D80.png,4C3D80,76,61,128,0.32065192501455525
3D60C8.png,3D60C8,61,96,200,0.46421551621232543
63785E.png,63785E,99,120,94,0.13164598414458534
1DB411.png,1DB411,29,180,17,0.6661551781014043
CB9005.png,CB9005,203,144,5,0.5168032020801033
3BD827.png,3BD827,59,216,39,0.7287530820178884
071D8A.png,071D8A,7,29,138,0.535120127375836
CBCAF9.png,CBCAF9,203,202,249,0.18604403717396953
F23136.png,F23136,242,49,54,0.6275712812034901
062936.png,062936,6,41,54,0.10279816005473982
47DC04.png,47DC04,71,220,4,0.7663156357640478
6F3A98.png,6F3A98,111,58,152,0.4418785765808611
AB61FB.png,AB61FB,171,97,251,0.6574148933381293
5FB654.png,5FB654,95,182,84,0.4609380446316223
951008.png,951008,149,16,8,0.4926241712102204
64592C.png,64592C,100,89,44,0.20546200302208062
B3D67F.png,B3D67F,179,214,127,0.3513111915248572
7B4027.png,7B4027,123,64,39,0.262799324434115
2417A5.png,2417A5,36,23,165,0.655570487344887
2B4B57.png,2B4B57,43,75,87,0.10042934850892382
2B46AD.png,2B46AD,43,70,173,0.4778743183598658
1A32F8.png,1A32F8,26,50,248,0.8655289493086008
C85957.png,C85957,200,89,87,0.37168834089492897
21931E.png,21931E,33,147,30,0.5381072560817216
0BA45B.png,0BA45B,11,164,91,0.44587134414901897
D1EF38.png,D1EF38,209,239,56,0.6307805842107194
8AEFCE.png,8AEFCE,138,239,206,0.28173795928130757
A5FD19.png,A5FD19,165,253,25,0.7567566671792403
FF8BCE.png,FF8BCE,255,139,206,0.4035504516763949
134FDF.png,134FDF,19,79,223,0.6459012988067695
411A3A.png,411A3A,65,26,58,0.20006762589344357
1230D1.png,1230D1,18,48,209,0.7314688826592811
728584.png,728584,114,133,132,0.054513132582719274
6B1044.png,6B1044,107,16,68,0.3239505003500554
2C0275.png,2C0275,44,2,117,0.5296939426312347
1EF440.png,1EF440,30,244,64,0.7859911737628786
E24068.png,E24068,226,64,104,0.4931256174942503
821AF8.png,821AF8,130,26,248,0.8812615229346936
7110BC.png,7110BC,113,16,188,0.705684037586795
F2126E.png,F2126E,242,18,110,0.5965728342402887
B59E35.png,B59E35,181,158,53,0.414322085792631
F78DB7.png,F78DB7,247,141,183,0.33823689862406847
DC735B.png,DC735B,220,115,91,0.37504400532646665
626EE6.png,626EE6,98,110,230,0.518654875209152
F5C4D5.png,F5C4D5,245,196,213,0.15038837284559742
C0E170.png,C0E170,192,225,112,0.4362207697555534
3BF42C.png,3BF42C,59,244,44,0.8071342607207618
97D15C.png,97D15C,151,209,92,0.47626402194510853
9C2C0B.png,9C2C0B,156,44,11,0.47064727797189226
6DA888.png,6DA888,109,168,136,0.21202149817650243
A2C33C.png,A2C33C,162,195,60,0.507077213127512
347DE4.png,347DE4,52,125,228,0.44989949593468376
9A2116.png,9A2116,154,33,22,0.45889363707315145
B62B0F.png,B62B0F,182,43,15,0.5417972584056018
6E4DFC.png,6E4DFC,110,77,252,0.7525597346691518
6F9C55.png,6F9C55,111,156,85,0.3223400519557138
F3CA58.png,F3CA58,243,202,88,0.45383574006725874
1D79FD.png,1D79FD,29,121,253,0.5700119253419793
AEDDB8.png,AEDDB8,174,221,184,0.1946974569200715
68A23B.png,68A23B,104,162,59,0.4421831653699033
9B69C5.png,9B69C5,155,105,197,0.41310159343670155
F7B020.png,F7B020,247,176,32,0.5701841150929768
6D6CE6.png,6D6CE6,109,108,230,0.5269334834363117
F8F2D6.png,F8F2D6,248,242,214,0.10818754827957569
C0A78D.png,C0A78D,192,167,141,0.13131127643261686
B1524A.png,B1524A,177,82,74,0.3332618640168696
E9560E.png,E9560E,233,86,14,0.623112916353094
DFE90F.png,DFE90F,223,233,15,0.6683887235646373
B57872.png,B57872,181,120,114,0.19859675396104046
31BD81.png,31BD81,49,189,129,0.40720313074626513
9E95B1.png,9E95B1,158,149,177,0.11999508145590439
680A69.png,680A69,104,10,105,0.4321286692390914
A2F175.png,A2F175,162,241,117,0.5151257841005465
66ACED.png,66ACED,102,172,237,0.29408017883237764
ED226C.png,ED226C,237,34,108,0.5707044830757368
FD80EE.png,FD80EE,253,128,238,0.5265986402404325
394D5C.png,394D5C,57,77,92,0.08841064326531485
4F7B17.png,4F7B17,79,123,23,0.41417767968282676
6F9438.png,6F9438,111,148,56,0.38579168127155594
88BDD9.png,88BDD9,136,189,217,0.1651783388550959
9F7DA0.png,9F7DA0,159,125,160,0.17742868539599133
9768D8.png,9768D8,151,104,216,0.4908187838997301
DEED64.png,DEED64,222,237,100,0.5024871889266752
0A4D28.png,0A4D28,10,77,40,0.25311482359227633
F0411A.png,F0411A,240,65,26,0.6554762926231672
7CFB09.png,7CFB09,124,251,9,0.8051586487420451
63F9D2.png,63F9D2,99,249,210,0.36997523199042465
F1362B.png,F1362B,241,54,43,0.6403704080999238
06F695.png,06F695,6,246,149,0.580176200858824
C34D9D.png,C34D9D,195,77,157,0.44364862081725664
CF2BD4.png,CF2BD4,207,43,212,0.7013779559268924
5BBFB7.png,5BBFB7,91,191,183,0.23553493911206191
C23D64.png,C23D64,194,61,100,0.4193451096866849
F5979F.png,F5979F,245,151,159,0.28223428653394067
5AD40E.png,5AD40E,90,212,14,0.7181606595912814
76FA7F.png,76FA7F,118,250,127,0.5773741694488275
428867.png,428867,66,136,103,0.24104499477302865
2B9703.png,2B9703,43,151,3,0.580726028641244
D19892.png,D19892,209,152,146,0.17628601024715002
390935.png,390935,57,9,53,0.24854159769516623
D3F59A.png,D3F59A,211,245,154,0.3569277938276392
55BFA1.png,55BFA1,85,191,161,0.28659119485183693
1C7978.png,1C7978,28,121,120,0.20007978985458708
4CFD52.png,4CFD52,76,253,82,0.7497894019708159
FE9827.png,FE9827,254,152,39,0.5677978986256584
21FFBA.png,21FFBA,33,255,186,0.5043078047280867
85CFC8.png,85CFC8,133,207,200,0.18564330346561464
E880DF.png,E880DF,232,128,223,0.4599324937528014
19E866.png,19E866,25,232,102,0.6573029143779836
36439C.png,36439C,54,67,156,0.41694803256521706
462935.png,462935,70,41,53,0.11702280138508064
701873.png,701873,112,24,115,0.4340425285855687
601F04.png,601F04,96,31,4,0.3106369008070826
7BB469.png,7BB469,123,180,105,0.345467904054003
6B92D7.png,6B92D7,107,146,215,0.297795787247933
52DC01.png,52DC01,82,220,1,0.7584169003381698
418298.png,418298,65,130,152,0.17170439304508328
C556E8.png,C556E8,197,86,232,0.636673474007177
23E8F3.png,23E8F3,35,232,243,0.3304926325225389
10F265.png,10F265,16,242,101,0.6965393703440984
9824EC.png,9824EC,152,36,236,0.808315960709225
39D414.png,39D414,57,212,20,0.7422346862080577
786308.png,786308,120,99,8,0.3563006828873491
307A6B.png,307A6B,48,122,107,0.20055200439727694
6A32DF.png,6A32DF,106,50,223,0.7478257172469774
966661.png,966661,150,102,97,0.16060664721144374
2CE953.png,2CE953,44,233,83,0.7017761456786342
46C267.png,46C267,70,194,103,0.4832750053518397
AEFC15.png,AEFC15,174,252,21,0.7483007350041293
29FE9B.png,29FE9B,41,254,155,0.5815606013919293
08D23E.png,08D23E,8,210,62,0.6882292367283529
9504CC.png,9504CC,149,4,204,0.7487015629843944
F72434.png,F72434,247,36,52,0.6591416917593113
2B6DAC.png,2B6DAC,43,109,172,0.2961683733689472
12BEA0.png,12BEA0,18,190,160,0.3484848842191343
F32431.png,F32431,243,36,49,0.6541546591053236
8BA275.png,8BA275,139,162,117,0.19806286373460344
9D23B7.png,9D23B7,157,35,183,0.6309402445550065
7FE7D6.png,7FE7D6,127,231,214,0.25640287730847644
40E373.png,40E373,64,227,115,0.5809554764710367
8B55B1.png,8B55B1,139,85,177,0.4232797665730905
8523D5.png,8523D5,133,35,213,0.7421291008123927
6AF6F2.png,6AF6F2,106,246,242,0.2970994862760897
717568.png,717568,113,117,104,0.05835144159667038
ACDC4D.png,ACDC4D,172,220,77,0.5417248229956059
2520BD.png,2520BD,37,32,189,0.7138462085897255
6851DD.png,6851DD,104,81,221,0.615977302006987
D08902.png,D08902,208,137,2,0.5266051840733696
98EBA9.png,98EBA9,152,235,169,0.34070749515008614
A3BEEE.png,A3BEEE,163,190,238,0.20072135646607717
DA1462.png,DA1462,218,20,98,0.5473227099458945
2E1510.png,2E1510,46,21,16,0.11058382324728101
6C7CFA.png,6C7CFA,108,124,250,0.5346924368528744
4F4513.png,4F4513,79,69,19,0.22804959137113662
902FE0.png,902FE0,144,47,224,0.743948117576406
B100AD.png,B100AD,177,0,173,0.6451089874510432
290F96.png,290F96,41,15,150,0.6211548539720768
5A9651.png,5A9651,90,150,81,0.33872138090827675
2A6FCF.png,2A6FCF,42,111,207,0.4275485391783753
247ABF.png,247ABF,36,122,191,0.3225340627071503
014F70.png,014F70,1,79,112,0.19372001790099766
54A094.png,54A094,84,160,148,0.19889608248714655
ECB76C.png,ECB76C,236,183,108,0.3466100601650303
5FDF42.png,5FDF42,95,223,66,0.6660462944474288
B7503C.png,B7503C,183,80,60,0.3852340831293162
77FEE5.png,77FEE5,119,254,229,0.3209502206223316
6A1BBF.png,6A1BBF,106,27,191,0.699243763276035
C92DFE.png,C92DFE,201,45,254,0.8273634156887666
993BC2.png,993BC2,153,59,194,0.5978689656610227
4D0264.png,4D0264,77,2,100,0.43908583617477065
E0B92C.png,E0B92C,224,185,44,0.5264886249439181
2A205A.png,2A205A,42,32,90,0.2990580438448582
8CB151.png,8CB151,140,177,81,0.3933777356801511
BEFA1A.png,BEFA1A,190,250,26,0.7232413340716922
7D571F.png,7D571F,125,87,31,0.28908854394463085
A3FC49.png,A3FC49,163,252,73,0.6758251061213002
DDAC28.png,DDAC28,221,172,40,0.5133147080941393
9E3989.png,9E3989,158,57,137,0.421210485153697
62DED1.png,62DED1,98,222,209,0.28243111002738935
294B2A.png,294B2A,41,75,42,0.19326320213454365
AF67D6.png,AF67D6,175,103,214,0.49569854391370405
849338.png,849338,132,147,56,0.3649733622374388
062CCC.png,062CCC,6,44,204,0.7301843652931741
432B8A.png,432B8A,67,43,138,0.45512900163803494
4376E7.png,4376E7,67,118,231,0.49030020860824597
EC83DD.png,EC83DD,236,131,221,0.4458209023208957
5F71CF.png,5F71CF,95,113,207,0.40910322648224134
26DE20.png,26DE20,38,222,32,0.769781986891269
B5ABD5.png,B5ABD5,181,171,213,0.17355167667455884
DD18BE.png,DD18BE,221,24,190,0.6748052539348133
D12B00.png,D12B00,209,43,0,0.6384206177736218
330419.png,330419,51,4,25,0.18869511783125742
18AC75.png,18AC75,24,172,117,0.3936791275365279
9E1A92.png,9E1A92,158,26,146,0.5355885603343641
523A04.png,523A04,82,58,4,0.2577096480527427
282B77.png,282B77,40,43,119,0.37622447615757415
166565.png,166565,22,101,101,0.17476737499946576
6A74DF.png,6A74DF,106,116,223,0.46082792894348196
2FAE0C.png,2FAE0C,47,174,12,0.6412726209971206
72FF80.png,72FF80,114,255,128,0.5986658335950183
A7C2F1.png,A7C2F1,167,194,241,0.19631099136889923
6B97E8.png,6B97E8,107,151,232,0.3451436589187838
1D4836.png,1D4836,29,72,54,0.15675047873291442
EBBCD3.png,EBBCD3,235,188,211,0.15764939382430174
FD34DE.png,FD34DE,253,52,222,0.7224673585993692
181CE6.png,181CE6,24,28,230,0.8728024036324458
F733E2.png,F733E2,247,51,226,0.7322774568698383
AB0907.png,AB0907,171,9,7,0.5599773462809001
36F683.png,36F683,54,246,131,0.612753724765163
903DF2.png,903DF2,144,61,242,0.764548304854191
6770A5.png,6770A5,103,112,165,0.2332916446495383
DC2527.png,DC2527,220,37,39,0.6100049396954773
22F379.png,22F379,34,243,121,0.640425206637785
ED0405.png,ED0405,237,4,5,0.7313103109714784
5A45AF.png,5A45AF,90,69,175,0.4849427309170924
4615C0.png,4615C0,70,21,192,0.740120977789544
4ED99D.png,4ED99D,78,217,157,0.40810259978448093
CE07B7.png,CE07B7,206,7,183,0.6682639377008656
4AAEFE.png,4AAEFE,74,174,254,0.3599079103203376
C32254.png,C32254,195,34,84,0.4822824691006665
49A231.png,49A231,73,162,49,0.5088766868772082
4BD1EE.png,4BD1EE,75,209,238,0.27499614903867964
0A89B4.png,0A89B4,10,137,180,0.25805714139957986
EB2C67.png,EB2C67,235,44,103,0.5534578607971529
DB9DE0.png,DB9DE0,219,157,224,0.31498474903689416
4F1199.png,4F1199,79,17,153,0.6023767850391725
5516FB.png,5516FB,85,22,251,0.928325096116172
F6C70D.png,F6C70D,246,199,13,0.6138616106710651
14C7D5.png,14C7D5,20,199,213,0.29577167700074875
3889B5.png,3889B5,56,137,181,0.23871511132748865
337E9E.png,337E9E,51,126,158,0.20226227868103994
53A9D2.png,53A9D2,83,169,210,0.23751405390368957
A4963B.png,A4963B,164,150,59,0.3646706272608263
A9BDC0.png,A9BDC0,169,189,192,0.054519362599840214
1DBB50.png,1DBB50,29,187,80,0.5567078451465887
B7C900.png,B7C900,183,201,0,0.6089450905356977
E58037.png,E58037,229,128,55,0.47894246038738114
85D302.png,85D302,133,211,2,0.6763884881616434
E09E27.png,E09E27,224,158,39,0.5068873596443366
B9E9AA.png,B9E9AA,185,233,170,0.278328654370992
94D62E.png,94D62E,148,214,46,0.6180266437082226
DB639C.png,DB639C,219,99,156,0.4004374233207203
33EA46.png,33EA46,51,234,70,0.7317115618292842
7CF18F.png,7CF18F,124,241,143,0.4864476010595018
675F48.png,675F48,103,95,72,0.10745099277485014
236D8C.png,236D8C,35,109,140,0.19596059043349234
86812D.png,86812D,134,129,45,0.33975825586524483
53558E.png,53558E,83,85,142,0.26134984150948837
61A5BE.png,61A5BE,97,165,190,0.18264076466385554
68A62B.png,68A62B,104,166,43,0.5011704135215356
3F9594.png,3F9594,63,149,148,0.20022350986347248
1E6296.png,1E6296,30,98,150,0.2572320848823265
4C4B42.png,4C4B42,76,75,66,0.042612235459914584
52C879.png,52C879,82,200,121,0.43933426146521015
AF701A.png,AF701A,175,112,26,0.4223513105874418
BE57E7.png,BE57E7,190,87,231,0.6278757909754815
74C0FC.png,74C0FC,116,192,252,0.2797270785760245
C8D317.png,C8D317,200,211,23,0.6105227035721033
E116F1.png,E116F1,225,22,241,0.8156063152594735
F962BC.png,F962BC,249,98,188,0.5144437345922658
C27C7E.png,C27C7E,194,124,126,0.2193835731703488
75DDB0.png,75DDB0,117,221,176,0.31833508426288326
855989.png,855989,133,89,137,0.2463033763700452
E18B30.png,E18B30,225,139,48,0.4824709500866706
B4D939.png,B4D939,180,217,57,0.5765221306762932
C161A7.png,C161A7,193,97,167,0.3850656530398277
A91322.png,A91322,169,19,34,0.49466158061101767
F4D4C0.png,F4D4C0,244,212,192,0.12091970045164571
5D6FB6.png,5D6FB6,93,111,182,0.31264161468418805
8610E7.png,8610E7,134,16,231,0.83635937937301
FEDB3B.png,FEDB3B,254,219,59,0.5769698233107836
469A1D.png,469A1D,70,154,29,0.5283478460625254
9AA323.png,9AA323,154,163,35,0.4691335826819735
3D0D07.png,3D0D07,61,13,7,0.20343809698108592
39AB25.png,39AB25,57,171,37,0.5863460546010608
BE6E7A.png,BE6E7A,190,110,122,0.2530716160266722
75C2B5.png,75C2B5,117,194,181,0.20092282514238494
8F2124.png,8F2124,143,33,36,0.3943799167510909
A14BE5.png,A14BE5,161,75,229,0.6643585858596317
7E82FE.png,7E82FE,126,130,254,0.5217827535622097
86178C.png,86178C,134,23,140,0.5199319500544192
FB25D0.png,FB25D0,251,37,208,0.7133729521346686
615DA8.png,615DA8,97,93,168,0.33696809714316445
7E5F6E.png,7E5F6E,126,95,110,0.11661823065133249
D3BCC8.png,D3BCC8,211,188,200,0.07962018954649784
6FC6F0.png,6FC6F0,111,198,240,0.24169997247935002
5E5268.png,5E5268,94,82,104,0.10842815606964495
359084.png,359084,53,144,132,0.22251691567428997
67903B.png,67903B,103,144,59,0.36835388032718114
0F5045.png,0F5045,15,80,69,0.16978207427786055
31678C.png,31678C,49,103,140,0.19685244975224708
9A8547.png,9A8547,154,133,71,0.26939954640544594
725081.png,725081,114,80,129,0.24237492320018073
D1B96B.png,D1B96B,209,185,107,0.3177520142526059
33C441.png,33C441,51,196,65,0.6147629511295363
7A3ECF.png,7A3ECF,122,62,207,0.6385077889063494
6ED7D2.png,6ED7D2,110,215,210,0.24170421844306628
16BA53.png,16BA53,22,186,83,0.5477831699859628
75BC56.png,75BC56,117,188,86,0.4504347990601553
1604C3.png,1604C3,22,4,195,0.8055806650566227
921E34.png,921E34,146,30,52,0.38354350340666205
743022.png,743022,116,48,34,0.2783405332955896
131536.png,131536,19,21,54,0.18369729516101077
4A31B0.png,4A31B0,74,49,176,0.5837909090063902
8C18FF.png,8C18FF,140,24,255,0.9005898893846342
11632E.png,11632E,17,99,46,0.3234694851146602
3330E8.png,3330E8,51,48,232,0.8096999399456678
D24FB1.png,D24FB1,210,79,177,0.5039332601471045
6D7056.png,6D7056,109,112,86,0.11457795324388918
330DC9.png,330DC9,51,13,201,0.7983404793344647
0F61D2.png,0F61D2,15,97,210,0.5063281685714432
9118E8.png,9118E8,145,24,232,0.8210793167214153
E85D95.png,E85D95,232,93,149,0.44067207306959416
59BE4B.png,59BE4B,89,190,75,0.5273863901994249
7D55E0.png,7D55E0,125,85,224,0.6072550827659092
4219AD.png,4219AD,66,25,173,0.6637628082362539
4A5953.png,4A5953,74,89,83,0.0549406747894062
0DB886.png,0DB886,13,184,134,0.3952168374376582
F4043B.png,F4043B,244,4,59,0.6579145827224435
E178FB.png,E178FB,225,120,251,0.5772407803009455
8C09FD.png,8C09FD,140,9,253,0.9107127096741474
1D37EF.png,1D37EF,29,55,239,0.8136115796479274
82F8ED.png,82F8ED,130,248,237,0.2717796741952913
9C5C33.png,9C5C33,156,92,51,0.3059129725481743
AD5FFE.png,AD5FFE,173,95,254,0.6766518240211651
5721E3.png,5721E3,87,33,227,0.8229961909840511
